{"POLYGON_COUNT":"47","TASK_TREE":"[[0,{\"name\":0,\"children\":[1,3,6]}],[1,{\"name\":1,\"children\":[2]}],[2,{\"name\":2,\"children\":[]}],[3,{\"name\":3,\"children\":[4]}],[4,{\"name\":4,\"children\":[5]}],[5,{\"name\":5,\"children\":[]}],[6,{\"name\":6,\"children\":[]}]]","TERRIAN_POLYGONS":"[[0,null],[1,[[\"polygon_1\",{\"type\":2,\"color\":\"#3ea4f0\",\"points\":[[204.84446411132814,99.07805023193359],[205.4074676513672,102.90644226074218],[205.97047119140626,105.15844116210937],[206.98386840820314,108.76162872314453],[207.32166748046876,110.45062408447265],[207.997265625,98.40245208740234],[208.78545837402345,98.06465301513671],[209.3484619140625,98.40245208740234],[209.91146545410157,100.42924652099609],[210.02406005859376,104.3702407836914],[209.91146545410157,107.0726333618164],[209.79885559082032,109.09942779541015],[210.02406005859376,110.00023040771484],[210.58706359863282,110.78842315673828],[210.8122528076172,111.35142669677734]]}],[\"polygon_2\",{\"type\":2,\"color\":\"#3ea4f0\",\"points\":[[229.5038269042969,131.8445831298828],[230.4046142578125,134.09658203125],[231.755810546875,134.65957794189453],[233.33221130371095,135.6729751586914],[234.57081298828126,136.01077423095703],[235.58421020507814,136.68637237548828],[235.58421020507814,135.33517608642578],[233.67001037597657,133.30838165283203],[231.3054168701172,132.18238220214843],[230.62981872558595,131.95718536376953],[231.3054168701172,131.7319808959961],[230.17942504882814,134.43438110351562],[229.27862243652345,133.08318481445312],[232.6566131591797,136.23597869873046]]}]]],[2,[[\"polygon_1\",{\"type\":2,\"color\":\"#3ea4f0\",\"points\":[[204.84446411132814,99.07805023193359],[205.4074676513672,102.90644226074218],[205.97047119140626,105.15844116210937],[206.98386840820314,108.76162872314453],[207.32166748046876,110.45062408447265],[207.997265625,98.40245208740234],[208.78545837402345,98.06465301513671],[209.3484619140625,98.40245208740234],[209.91146545410157,100.42924652099609],[210.02406005859376,104.3702407836914],[209.91146545410157,107.0726333618164],[209.79885559082032,109.09942779541015],[210.02406005859376,110.00023040771484],[210.58706359863282,110.78842315673828],[210.8122528076172,111.35142669677734]]}],[\"polygon_2\",{\"type\":2,\"color\":\"#3ea4f0\",\"points\":[[229.5038269042969,131.8445831298828],[230.4046142578125,134.09658203125],[231.755810546875,134.65957794189453],[233.33221130371095,135.6729751586914],[234.57081298828126,136.01077423095703],[235.58421020507814,136.68637237548828],[235.58421020507814,135.33517608642578],[233.67001037597657,133.30838165283203],[231.3054168701172,132.18238220214843],[230.62981872558595,131.95718536376953],[231.3054168701172,131.7319808959961],[230.17942504882814,134.43438110351562],[229.27862243652345,133.08318481445312],[232.6566131591797,136.23597869873046]]}],[\"polygon_3\",{\"type\":1,\"color\":\"#2A7E19\",\"points\":[[213.28945617675782,114.27901611328124],[213.96505432128907,117.09401092529296],[214.7532470703125,117.65701446533203],[215.7666442871094,119.57120666503906],[216.78004150390626,122.04840240478515],[218.4690368652344,123.73739776611328],[219.5950439453125,124.63820037841796],[221.28403930664064,125.4263931274414],[223.3108337402344,126.89019165039062],[224.21163635253907,128.24138793945312],[225.1124237060547,129.25479278564453],[225.56283264160157,129.93039093017578],[225.33762817382814,130.15558776855468],[227.3644226074219,130.3807846069336],[227.8148162841797,130.7185836791992],[224.9998291015625,129.93039093017578],[220.946240234375,128.12879333496093],[219.36983947753907,127.00279388427734],[216.66744689941407,125.31379852294921],[215.99184875488282,124.41299591064453],[214.64065246582032,123.17440185546874],[213.96505432128907,121.93580017089843],[213.40205078125,120.35940704345703],[212.50124816894532,118.8956085205078],[211.7130554199219,117.76960906982421],[211.93825988769532,116.30581817626953],[212.61385803222657,114.50422058105468],[212.61385803222657,114.16642150878906],[212.72645263671876,113.26561889648437],[212.83904724121095,112.81522521972656],[211.93825988769532,113.94121704101562],[211.82565002441407,114.8420196533203],[210.92486267089845,115.17981872558593],[212.1634490966797,120.0216079711914],[213.0642517089844,122.16100463867187],[214.52804260253907,124.41299591064453],[215.2036560058594,125.4263931274414],[218.91944580078126,127.56578979492187],[220.1580322265625,128.91698608398437],[221.28403930664064,129.47998962402343],[221.8470428466797,129.93039093017578],[222.97303466796876,130.2681900024414],[223.42342834472657,130.4933868408203],[224.6620300292969,131.28158721923828],[224.9998291015625,131.39418182373046],[226.80141906738282,131.95718536376953],[227.2518280029297,132.18238220214843],[227.7022216796875,132.18238220214843],[228.6030242919922,130.83118591308593],[228.37781982421876,131.39418182373046],[212.27605895996095,113.37822113037109],[211.93825988769532,113.4908233642578]]}]]],[3,[[\"polygon_4\",{\"type\":1,\"color\":\"#2A7E19\",\"points\":[[203.71847229003907,71.26590499877929],[203.71847229003907,70.13990936279296],[203.71847229003907,70.02730712890624],[203.71847229003907,90.85827026367187],[209.3484619140625,97.8394561767578],[213.5146453857422,97.72685394287109],[208.67286376953126,70.13990936279296],[213.0642517089844,78.02189407348632],[213.5146453857422,77.57149276733398],[221.0588348388672,94.46145782470703],[216.104443359375,81.06208572387695],[218.91944580078126,86.35427627563476],[220.83363037109376,86.46687469482421]]}],[\"polygon_5\",{\"type\":1,\"color\":\"#2A7E19\",\"points\":[[208.8980682373047,98.28984985351562],[208.78545837402345,107.74823150634765],[213.62725524902345,98.40245208740234],[212.83904724121095,112.47742614746093],[213.5146453857422,113.04042205810546]]}],[\"polygon_6\",{\"type\":1,\"color\":\"#2A7E19\",\"points\":[[203.04287414550782,70.02730712890624],[186.37810974121095,70.02730712890624],[186.6033142089844,90.52047119140624],[202.93027954101564,91.75906524658203],[186.37810974121095,91.1960693359375],[186.37810974121095,92.32206115722656],[187.27891235351564,95.4748550415039],[186.6033142089844,99.97884521484374],[187.27891235351564,103.80723724365234],[187.72930603027345,107.2978302001953],[186.2654998779297,107.63562927246093],[186.71590881347657,113.37822113037109],[186.37810974121095,115.74281463623046],[202.7050750732422,95.02446136474609],[202.8176696777344,95.70005950927734],[202.02947692871095,98.40245208740234],[203.26807861328126,97.05125579833984]]}],[\"polygon_7\",{\"type\":1,\"color\":\"#2A7E19\",\"points\":[[203.49326782226564,97.61425170898437],[207.6594665527344,100.42924652099609],[207.997265625,101.8930450439453],[207.997265625,100.42924652099609],[207.6594665527344,112.81522521972656],[202.47987060546876,99.41584930419921],[199.77747802734376,102.68124542236328],[196.28689270019532,107.52303466796874],[187.27891235351564,116.1932159423828],[207.88467102050782,118.10740814208984],[207.43426208496095,124.41299591064453],[207.997265625,129.93039093017578],[186.37810974121095,116.86881408691406]]}],[\"polygon_10\",{\"type\":1,\"color\":\"#2A7E19\",\"points\":[[208.56026916503907,113.60341796875],[213.85244445800782,114.05381927490234],[216.5548522949219,117.5444122314453],[215.99184875488282,120.2468048095703],[216.21705322265626,122.4988037109375],[216.5548522949219,125.2011962890625],[216.66744689941407,127.45319519042968],[216.66744689941407,130.60598907470703],[208.67286376953126,120.0216079711914],[209.3484619140625,123.62480316162109],[208.8980682373047,125.87679443359374],[208.67286376953126,130.04298553466796],[216.5548522949219,132.0697799682617],[215.99184875488282,135.6729751586914],[216.21705322265626,136.46117553710937],[216.66744689941407,137.58717498779296],[217.34304504394532,137.58717498779296],[216.66744689941407,137.58717498779296],[216.44224243164064,138.03756866455078],[216.78004150390626,138.3753677368164],[217.23045043945314,139.05096588134765]]}],[\"polygon_12\",{\"type\":1,